날짜,스타벅스,이벤트,기프티콘,카드,웃다,엄마,커피,카드지갑,아기,추첨
2016-01-01,32.71539,0.94331,2.35328,0.7984,0.10207,3.00587,0.80142,0.92645,0.26923,0.03298
2016-01-02,24.19909,0.87313,1.97048,0.607,0.1121,25.22289,0.85325,1.04395,0.27143,0.03455
2016-01-03,22.95135,0.86037,1.95499,0.61703,0.12213,53.53177,0.91011,1.15045,0.27174,0.0311
2016-01-04,24.73591,1.34252,3.04413,1.02534,0.15585,8.9306,1.0785,1.28176,0.29342,0.05026
2016-01-05,26.88139,1.35801,3.27837,0.97886,0.15676,3.26819,1.05149,1.21516,0.27771,0.04492
2016-01-06,23.66226,1.33978,3.16262,0.998,0.19686,3.20662,1.05997,1.24438,0.37542,0.04146
2016-01-07,24.7113,1.44186,2.98307,0.92144,0.17225,3.71587,1.10238,1.18029,0.39803,0.04775
2016-01-08,19.82427,1.24499,2.83907,0.87678,0.15858,3.59806,1.06908,1.08541,0.31164,0.04398
2016-01-09,17.16111,0.81207,1.95317,0.68265,0.13397,23.55125,0.92331,0.97891,0.25132,0.03235
2016-01-10,17.6159,0.79566,1.87661,0.70908,0.12577,32.19754,0.96195,1.18814,0.27803,0.04084
2016-01-11,19.64928,1.27963,2.84545,0.99526,0.16314,7.22,1.2381,1.17809,0.30222,0.05057
2016-01-12,19.24279,1.36986,2.83269,0.92873,0.17134,3.24086,1.12468,1.17715,0.33049,0.04932
2016-01-13,24.07422,1.36986,3.05963,0.98706,0.17681,2.70522,1.13851,1.19474,0.30944,0.0534
2016-01-14,33.67511,1.32064,2.89375,0.92873,0.17499,3.16169,1.06971,1.13788,0.29656,0.05183
2016-01-15,25.86698,1.25775,2.86367,0.89501,0.15585,3.60623,1.05463,0.96352,0.29719,0.04178
2016-01-16,17.84649,0.84944,1.86111,0.70361,0.11757,13.6455,0.91671,0.91608,0.25761,0.03173
2016-01-17,18.23476,0.85582,1.90486,0.72457,0.11119,30.38798,0.99022,1.14039,0.30065,0.0267
2016-01-18,19.16076,1.31973,2.92292,1.01349,0.14582,6.99915,1.16553,1.22741,0.2953,0.04492
2016-01-19,18.04792,1.49837,3.02044,1.01896,0.15129,3.16264,1.25255,1.23495,0.2997,0.04272
2016-01-20,19.85071,1.62141,2.90651,0.98615,0.18228,2.58081,1.12908,1.23244,0.28934,0.05277
2016-01-21,19.27378,1.27872,3.00312,0.92053,0.1996,3.08064,1.07599,1.19851,0.2975,0.04429
2016-01-22,18.25116,1.27416,2.94844,1.17026,0.144,5.21095,1.03986,1.054,0.29688,0.04743
2016-01-23,17.19301,0.82483,2.10993,0.72731,0.12668,21.26103,0.94436,1.03672,0.27614,0.02953
2016-01-24,17.95677,0.89774,1.95317,0.72731,0.12759,51.51455,1.01599,1.21391,0.28431,0.03455
2016-01-25,18.4772,1.34798,3.19634,1.08914,0.15767,8.16499,1.22427,1.22396,0.30002,0.0512
2016-01-26,18.68135,1.43001,3.10155,0.98342,0.17316,4.57447,1.1561,1.24187,0.28462,0.03958
2016-01-27,18.38332,1.3416,3.25012,0.99253,0.1841,3.14661,1.29433,1.23433,0.2818,0.04806
2016-01-28,19.60736,1.39902,3.30024,0.99162,0.14309,3.18494,1.18249,1.23401,0.31761,0.04523
2016-01-29,19.60553,1.21218,3.3048,0.89045,0.14309,5.90839,1.09358,1.185,0.27551,0.04052
2016-01-30,17.5758,0.84761,2.27763,0.69632,0.11757,24.47174,1.01284,1.31726,0.26923,0.03518
2016-01-31,17.67515,0.87222,2.08532,0.73186,0.13853,41.79699,1.05588,1.54786,0.29122,0.03581
2016-02-01,26.79845,1.31244,3.53266,0.95425,0.1522,9.19575,1.14542,1.39612,0.28996,0.04618
2016-02-02,38.53297,1.18484,3.6639,0.91233,0.14947,3.53743,1.14134,1.34083,0.2642,0.04366
2016-02-03,27.616,1.14474,3.77418,0.93876,0.15858,3.21447,1.46806,1.35842,0.24661,0.04586
2016-02-04,23.99219,1.24773,4.03211,0.95607,0.15676,2.91414,1.18532,1.24909,0.26703,0.04523
2016-02-05,23.58205,1.10555,4.65552,0.91688,0.13033,5.36458,0.85702,1.21202,0.26169,0.03769
2016-02-06,19.3157,0.76832,2.53465,0.75465,0.12304,30.63083,0.79042,1.10426,0.27426,0.03235
2016-02-07,19.42781,0.62067,2.15094,0.73642,0.11392,70.61575,0.74989,1.2538,0.25823,0.0223
2016-02-08,23.66408,0.58057,1.97231,0.73642,0.09478,11.0053,0.77283,1.13631,0.25195,0.0223
2016-02-09,19.54082,0.65439,2.10082,0.77744,0.13033,4.94737,0.84665,1.45015,0.26357,0.02701
2016-02-10,21.21874,0.7902,2.39156,0.89865,0.12395,5.05042,0.9563,1.62137,0.32326,0.03549
2016-02-11,21.92783,1.14474,3.73226,1.05906,0.18046,7.30859,1.07819,1.70902,0.32044,0.04209
2016-02-12,20.77488,1.27325,4.08862,1.04904,0.14856,11.44607,1.13819,1.65279,0.30316,0.05057
2016-02-13,18.56743,0.91324,4.27546,0.7665,0.09569,52.40174,0.97797,1.40366,0.28682,0.04398
2016-02-14,19.06871,0.93238,6.65609,0.80478,0.12213,71.7728,0.99839,1.72253,0.27457,0.03518
2016-02-15,26.77749,1.28874,3.81611,1.09279,0.17134,12.46929,1.2004,1.54849,0.31447,0.05183
2016-02-16,34.67949,1.40085,3.57094,1.04904,0.15311,4.76045,1.17087,1.59435,0.2752,0.05466
2016-02-17,26.32087,1.32429,3.58916,0.99162,0.16132,6.3036,1.15327,1.57959,0.30347,0.04995
2016-02-18,27.20859,1.3735,3.44607,0.95152,0.15858,5.66743,1.18877,1.53372,0.30159,0.05183
2016-02-19,22.42911,1.2532,3.52263,1.07638,0.14126,7.02239,1.08384,1.52649,0.28337,0.05026
2016-02-20,20.20069,0.83303,2.38974,0.72002,0.10572,81.09641,0.90195,1.43507,0.2664,0.03298
2016-02-21,19.45059,0.79384,2.41434,0.91233,0.14035,100,0.90603,1.67321,0.27614,0.03204
2016-02-22,21.57329,1.28418,3.704,1.23861,0.17954,15.17514,1.12091,1.51958,0.28117,0.05089
2016-02-23,21.57055,1.30241,3.55362,1.0855,0.16678,4.43027,1.47591,1.49791,0.2975,0.04146
2016-02-24,20.86056,1.2778,3.55818,0.9898,0.16223,3.9006,1.58838,1.50607,0.29122,0.05089
2016-02-25,20.41396,1.24955,3.66846,0.99709,0.15402,3.90751,1.28239,1.41842,0.2975,0.04712
2016-02-26,19.35672,1.18849,3.57732,0.94423,0.16678,4.67468,1.10521,1.30187,0.28022,0.04743
2016-02-27,18.37147,0.79475,2.27399,0.78746,0.13489,5.62501,0.92268,1.36219,0.26829,0.04084
2016-02-28,18.56743,0.73916,2.38518,0.75374,0.13124,4.73783,0.96446,1.52147,0.28494,0.03864
2016-02-29,24.03412,1.08094,3.03776,0.91962,0.16952,2.20916,1.10584,1.42628,0.29719,0.03769
2016-03-01,28.33602,0.97157,2.85,0.85035,0.12213,1.67258,1.12626,1.52995,0.27803,0.0468
2016-03-02,21.4466,1.1019,3.03684,0.90686,0.15858,1.17589,1.10238,1.30815,0.24912,0.03549
2016-03-03,20.20069,1.08185,3.07512,0.84761,0.13853,1.22364,1.09327,1.21925,0.24598,0.04429
2016-03-04,20.04119,1.1019,2.97851,0.84944,0.14764,1.14887,1.07945,1.1338,0.26012,0.04398
2016-03-05,23.21475,0.80296,2.41526,0.75738,0.11575,1.67823,1.16176,1.27171,0.27771,0.03173
2016-03-06,24.06966,0.82118,2.34508,0.80842,0.13397,1.5023,1.20197,1.409,0.29373,0.03267
2016-03-07,23.91654,1.18666,2.9694,0.88863,0.15311,1.03295,1.21705,1.36313,0.28965,0.03864
2016-03-08,22.54486,1.24044,2.98216,0.93329,0.17772,0.89064,1.22522,1.34554,0.28148,0.04178
2016-03-09,20.51695,1.27598,2.94023,0.94605,0.17863,0.83566,1.23495,1.3468,0.25729,0.03864
2016-03-10,19.99835,1.27598,3.41964,1.04722,0.1604,0.80833,1.14668,1.21171,0.30599,0.04775
2016-03-11,19.70397,1.28874,3.16627,0.98524,0.11666,0.76906,1.08573,1.19788,0.29656,0.03801
2016-03-12,20.01111,0.90686,2.86732,0.75374,0.15038,1.01441,0.96289,1.21611,0.28588,0.03047
2016-03-13,21.68539,0.90412,4.7257,0.82848,0.16132,1.05934,1.05054,1.49822,0.33426,0.03769
2016-03-14,23.71603,1.24044,9.22265,0.93967,0.17772,0.77471,1.18689,1.39612,0.26483,0.04335
2016-03-15,19.07418,1.30606,3.51352,0.92144,0.16223,0.66915,1.17935,1.34397,0.2598,0.04429
2016-03-16,18.39243,1.19304,3.07512,0.90321,0.18775,0.71659,1.11338,1.34585,0.26766,0.04743
2016-03-17,19.45788,1.26504,2.80808,0.83577,0.17134,0.75523,1.0983,1.23904,0.28588,0.03958
2016-03-18,19.47064,1.14747,3.04413,0.96974,0.14856,0.71816,1.07065,1.05526,0.26672,0.04209
2016-03-19,19.42234,0.74645,2.22568,0.81298,0.13762,0.87336,0.88467,1.10207,0.29091,0.03738
2016-03-20,19.42234,0.85308,2.15368,0.91415,0.144,0.93179,1.00059,1.35088,0.29248,0.03926
2016-03-21,47.19237,1.17481,2.84636,1.02808,0.17043,0.69177,1.0851,1.26229,0.31007,0.03518
2016-03-22,95.32988,1.24044,2.86641,0.99891,0.15402,0.70748,1.18783,1.26354,0.28808,0.03895
2016-03-23,35.89168,1.1575,2.99036,1.00347,0.17316,0.6902,1.16333,1.22584,0.28714,0.04178
2016-03-24,28.35698,1.23861,2.7461,0.96063,0.1759,0.78257,1.12908,1.13034,0.2997,0.03926
2016-03-25,28.29409,1.12469,2.73881,0.98068,0.16132,0.73953,1.03452,1.09138,0.28745,0.04178
2016-03-26,27.33892,0.78017,2.06163,0.74189,0.14126,0.87807,0.93305,1.0939,0.3107,0.03267
2016-03-27,23.72606,0.73733,1.97595,0.76832,0.17043,1.00311,0.97326,1.25537,0.31855,0.0311
2016-03-28,21.83304,1.15476,2.88919,0.98433,0.18866,0.77722,1.16584,1.21045,0.33426,0.03644
2016-03-29,21.54959,1.23588,2.89557,0.85946,0.16587,0.72319,1.20134,1.2714,0.34463,0.04743
2016-03-30,19.50983,1.15294,3.1134,0.82756,0.17316,0.72288,1.11243,1.20008,0.34808,0.04461
2016-03-31,19.53718,1.23861,3.03411,0.89774,0.17134,0.64088,1.05871,1.11714,0.31761,0.04115
2016-04-01,21.67081,1.23953,3.59372,0.91324,0.15767,0.60004,0.99399,1.10646,0.3151,0.03361
2016-04-02,20.2016,0.74736,2.27034,0.73642,0.12851,0.96446,0.89441,1.08824,0.31761,0.03047
2016-04-03,20.57528,0.76103,2.15368,0.86858,0.16587,2.19691,1.03923,1.56325,0.38453,0.02827
2016-04-04,18.95934,1.13289,3.06601,0.86311,0.17043,0.77345,1.15987,1.29967,0.32798,0.04178
2016-04-05,18.82171,1.21401,2.97942,0.8941,0.17954,0.62863,1.14416,1.19349,0.30724,0.03832
2016-04-06,18.21562,1.18302,2.93476,0.82848,0.1841,0.65565,1.12563,1.13474,0.32138,0.04335
2016-04-07,18.06341,1.21674,2.9056,0.85855,0.16314,0.60287,1.16772,1.14605,0.34337,0.04398
2016-04-08,16.977,1.08732,3.10064,0.85764,0.15402,0.61418,0.99557,1.16364,0.30379,0.04178
2016-04-09,18.05339,0.69632,2.18467,0.71819,0.11848,0.77188,0.93085,1.27171,0.33269,0.02701
2016-04-10,18.13177,0.76012,2.14092,0.74554,0.14126,1.03641,0.96384,1.37318,0.33615,0.02733
2016-04-11,17.67241,1.22677,2.94023,0.926,0.1522,0.63837,1.13348,1.31664,0.34808,0.03864
2016-04-12,20.46774,1.28236,3.01679,0.86311,0.1522,0.60507,1.05714,1.21265,0.34274,0.05434
2016-04-13,19.14709,0.9661,2.28492,0.83941,0.14582,0.66853,0.95064,1.36502,0.3663,0.04272
2016-04-14,17.33154,1.13653,2.85,0.83394,0.18775,0.59061,1.00688,1.16678,0.3396,0.04743
2016-04-15,17.95495,1.14565,2.94844,0.84123,0.15311,0.80864,0.99745,1.18532,0.28871,0.04461
2016-04-16,17.90118,0.77379,2.23571,0.73551,0.15038,0.7634,0.94404,1.18752,0.32264,0.03581
2016-04-17,18.6932,0.77744,2.09535,0.72002,0.1677,0.80518,1.04457,1.30501,0.33363,0.03549
2016-04-18,31.97896,1.20125,3.08788,0.9023,0.16587,0.62737,1.24469,1.36313,0.35374,0.03518
2016-04-19,40.32665,1.2933,3.00586,0.89683,0.19868,0.6214,1.17212,1.32732,0.333,0.03424
2016-04-20,25.83873,1.32064,3.06965,0.92782,0.16952,0.59187,1.17715,1.23087,0.31478,0.03455
2016-04-21,23.00239,1.25502,2.94661,0.90321,0.15676,0.63271,1.27203,1.23338,0.31541,0.03895
2016-04-22,22.47195,1.20763,2.93568,0.85308,0.12942,0.66601,1.0562,1.13662,0.30881,0.04178
2016-04-23,21.3345,0.89136,2.16188,0.75465,0.11757,0.73544,1.02541,1.15076,0.31164,0.03015
2016-04-24,21.34726,0.86493,2.13818,0.74554,0.14491,0.81775,1.06468,1.27674,0.344,0.02733
2016-04-25,20.58075,1.25502,2.93294,0.98706,0.16952,0.60601,1.19349,1.2692,0.33238,0.04398
2016-04-26,21.00092,1.45644,2.86185,1.0381,0.17316,0.73167,1.18092,1.3047,0.36976,0.04963
2016-04-27,21.17044,1.3808,2.83086,1.05086,0.16405,0.69177,1.28176,1.27862,0.41626,0.04806
2016-04-28,19.45971,1.21583,2.74792,0.97339,0.17225,0.87933,1.10835,1.17244,0.34369,0.0468
2016-04-29,18.03971,1.20216,2.84453,0.91415,0.144,0.77848,1.03421,1.08353,0.32923,0.04932
2016-04-30,18.35871,0.84488,2.02152,0.67718,0.11848,0.93525,0.96509,1.05274,0.34086,0.03644
2016-05-01,19.49434,1.00711,2.27672,0.72822,0.17043,0.88467,1.03138,1.24564,0.34997,0.03047
2016-05-02,19.46426,1.40176,3.14713,0.82027,0.1677,0.8988,1.16992,1.24501,0.36316,0.04618
2016-05-03,26.16319,1.38444,3.27199,0.86129,0.15858,0.90823,1.27674,1.26103,0.3685,0.04178
2016-05-04,19.05139,1.33887,3.62927,0.80751,0.14126,0.67418,1.06217,1.12531,0.30819,0.04492
2016-05-05,18.70505,0.8221,2.81993,0.8704,0.11939,0.86707,0.95221,1.07505,0.3063,0.03078
2016-05-06,18.62849,0.85399,2.30771,0.60335,0.14035,0.95472,1.10426,1.15296,0.35122,0.03078
2016-05-07,18.55649,0.68538,2.40523,0.55323,0.1522,1.06657,0.9431,1.08259,0.32295,0.03173
2016-05-08,18.13815,0.70543,2.76068,0.74371,0.144,1.30595,0.98206,1.13914,0.35876,0.03267
2016-05-09,18.74515,1.25684,3.10338,0.73369,0.15038,0.88058,1.21611,1.29087,0.36096,0.04492
2016-05-10,18.92835,1.27507,3.02408,0.86858,0.17499,0.74958,1.43539,1.28334,0.41531,0.04398
2016-05-11,21.24609,1.33978,3.09609,0.92144,0.17499,0.70434,1.22584,1.22333,0.37322,0.04398
2016-05-12,23.44261,1.32611,3.69762,0.89774,0.17043,0.688,1.25726,1.17589,0.33897,0.04869
2016-05-13,23.58114,1.17937,4.3347,0.73916,0.14673,0.73073,1.07662,0.98111,0.31855,0.03895
2016-05-14,21.11849,0.74736,2.57293,0.58421,0.14035,0.96949,0.88718,0.95661,0.30473,0.0333
2016-05-15,19.88898,0.73004,3.17629,0.62067,0.18501,0.88687,0.9874,1.33203,0.34494,0.03047
2016-05-16,20.41852,1.28418,3.46065,0.94331,0.17499,0.70905,1.1162,1.338,0.3528,0.03612
2016-05-17,18.84176,1.26687,2.74337,0.86584,0.18501,0.6723,1.06814,1.17244,0.34651,0.04178
2016-05-18,24.25377,1.17026,2.73152,0.82574,0.16496,0.67449,1.04834,1.15013,0.32546,0.04272
2016-05-19,22.75449,1.18757,2.7297,0.78655,0.18228,0.67387,1.03138,1.10458,0.31792,0.04492
2016-05-20,20.93712,1.06271,2.84453,0.70908,0.17316,0.68046,0.97357,1.10395,0.28557,0.04115
2016-05-21,20.5926,0.75647,1.88846,0.55687,0.16132,0.77283,0.87556,1.0474,0.32955,0.03455
2016-05-22,20.56526,0.77561,1.86385,0.54138,0.16952,0.80299,0.95849,1.23684,0.36285,0.03298
2016-05-23,20.04484,1.24591,2.76524,0.83759,0.19777,0.70245,1.17181,1.33109,0.333,0.04084
2016-05-24,18.4535,1.2295,2.67957,0.72822,0.17772,0.65313,1.19883,1.2381,0.33803,0.04366
2016-05-25,19.86711,1.20489,2.75704,0.7428,0.19322,0.63428,1.11055,1.18406,0.31321,0.04272
2016-05-26,19.55449,1.19487,2.6978,0.74007,0.20142,0.6924,1.05777,1.16804,0.32892,0.04115
2016-05-27,18.98759,1.13653,2.64402,0.64619,0.17225,0.90603,0.94593,1.08196,0.3129,0.03864
2016-05-28,18.92744,0.76285,1.84744,0.5432,0.1604,0.84917,0.91168,1.00593,0.28305,0.03424
2016-05-29,18.79984,0.72731,1.84197,0.52133,0.19139,0.79984,1.08479,1.26731,0.34463,0.03455
2016-05-30,18.72693,1.16843,2.85,0.73551,0.17772,0.66256,1.11212,1.21768,0.33709,0.03801
2016-05-31,19.97466,1.17846,2.93385,0.76012,0.14764,0.63554,1.17621,1.22364,0.35311,0.04303
2016-06-01,19.82519,1.21674,3.19178,0.78382,0.20051,0.70937,1.09735,1.27925,0.33457,0.04932
2016-06-02,19.21089,1.27872,3.05234,0.73278,0.1841,0.59721,1.11589,1.24312,0.31572,0.04523
2016-06-03,18.21471,1.10464,3.01041,0.63525,0.16496,0.64968,0.94373,1.11934,0.29562,0.04523
2016-06-04,18.01784,0.70361,2.04613,0.55687,0.15311,0.84383,0.87147,1.11275,0.31949,0.0267
2016-06-05,20.21801,0.72548,1.89575,0.54229,0.11483,0.74455,0.95724,1.19631,0.32201,0.03204
2016-06-06,21.96155,0.85764,1.98598,0.57692,0.18046,0.94404,1.05086,1.26354,0.35908,0.03612
2016-06-07,33.96039,1.18211,2.96758,0.78655,0.20598,0.75461,1.10521,1.2758,0.33709,0.05529
2016-06-08,51.03947,1.3015,2.78256,0.76468,0.19504,0.67135,1.23244,1.26323,0.35154,0.04523
2016-06-09,26.04197,1.16479,3.00221,0.72731,0.22147,0.72036,1.10112,1.24155,0.34054,0.04963
2016-06-10,23.36878,1.03172,2.91745,0.70088,0.17225,0.60192,1.01881,1.18406,0.29782,0.04209
2016-06-11,21.96702,0.72093,2.09535,0.63708,0.16496,0.74267,0.88938,1.17684,0.31038,0.03173
2016-06-12,20.37021,0.751,2.15641,0.63525,0.19686,0.86111,0.98268,1.41277,0.34117,0.03455
2016-06-13,19.60553,1.20489,2.98398,0.76012,0.18228,0.68361,1.1118,1.41591,0.34431,0.0512
2016-06-14,20.06762,1.24682,2.9457,0.65713,0.20415,0.71973,1.10646,1.44795,0.32452,0.04775
2016-06-15,18.8846,1.31973,2.91836,0.7583,0.17408,0.60758,1.21296,1.37695,0.32546,0.04429
2016-06-16,17.82371,1.25866,3.00494,0.70817,0.17408,0.61638,1.55697,1.33203,0.28211,0.04209
2016-06-17,16.8257,1.03263,2.6978,0.69814,0.19322,0.56705,1.04018,1.25412,0.30913,0.03895
2016-06-18,18.09349,0.69632,1.92309,0.50583,0.14856,0.81524,0.85922,1.15139,0.3041,0.03518
2016-06-19,17.11554,0.79658,1.90213,0.56872,0.19868,0.72036,1.14825,1.31098,0.3308,0.02607
2016-06-20,17.48557,1.32429,2.96393,0.72275,0.1996,0.61795,1.06217,1.33297,0.33112,0.03926
2016-06-21,18.75609,1.3571,2.58478,0.74736,0.1996,0.57742,1.03578,1.2293,0.29499,0.03769
2016-06-22,24.94827,1.37624,2.72423,0.73551,0.19413,0.66633,1.06625,1.26857,0.31258,0.04209
2016-06-23,26.60979,1.21583,2.77982,0.76285,0.17772,0.65816,1.06217,1.17212,0.29342,0.049
2016-06-24,21.94697,1.11739,2.71694,0.66442,0.16952,0.75084,1.01347,1.11212,0.29248,0.04272
2016-06-25,20.51877,0.69632,2.1236,0.52133,0.13762,0.75303,0.90006,1.05997,0.24975,0.03078
2016-06-26,19.2355,0.72184,1.78638,0.46664,0.17225,0.80079,0.93713,1.18092,0.30661,0.02576
2016-06-27,18.49269,1.20945,2.98216,0.70361,0.19595,0.62109,0.99054,1.24595,0.3063,0.03424
2016-06-28,19.80058,1.2778,2.97669,0.7829,0.19322,0.62172,1.1338,1.21359,0.30787,0.03518
2016-06-29,16.65436,1.15021,2.9138,0.74918,0.1759,0.64748,1.10049,1.24281,0.28619,0.04052
2016-06-30,18.00235,1.19395,2.98945,0.70634,0.16587,0.62611,1.05683,1.17307,0.28619,0.0468
2016-07-01,18.22656,1.20945,3.22004,0.77197,0.15402,0.64402,0.91985,1.0917,0.28211,0.04084
2016-07-02,18.92926,0.8467,2.26031,0.70543,0.12759,0.72916,0.83283,1.07725,0.27646,0.02607
2016-07-03,16.4903,0.80022,2.16826,0.52042,0.14582,0.77942,0.96792,1.25255,0.27426,0.02858
2016-07-04,16.41557,1.35345,2.96666,0.73916,0.18228,0.65282,1.04929,1.28145,0.30913,0.04052
2016-07-05,18.82718,1.25502,3.08879,0.7428,0.16952,0.61543,1.06437,1.27831,0.29625,0.04146
2016-07-06,18.05156,1.21947,2.97396,0.6307,0.17408,0.55354,0.96572,1.28868,0.28871,0.04869
2016-07-07,17.54846,1.28965,3.42055,0.71272,0.17134,0.54035,0.9764,1.20951,0.29625,0.04241
2016-07-08,16.57871,1.10464,2.94752,0.63617,0.16587,0.57145,0.87681,1.11086,0.26326,0.03455
2016-07-09,16.93143,0.67627,2.0115,0.48852,0.11483,0.5969,0.79262,1.04489,0.29153,0.03204
2016-07-10,17.28233,0.71546,2.03702,0.54594,0.14309,0.63051,0.86393,1.20291,0.31227,0.02733
2016-07-11,16.47572,1.13745,2.99948,0.78199,0.13944,0.67669,0.95095,1.24878,0.30442,0.04241
2016-07-12,15.97353,1.20854,3.10247,0.7191,0.16405,0.61732,1.04834,1.27705,0.30127,0.04838
2016-07-13,16.14123,1.2058,2.93659,0.76285,0.15311,0.61763,1.05086,1.32669,0.29562,0.04398
2016-07-14,17.31331,1.22768,2.95117,0.75283,0.1677,0.57742,0.98017,1.28616,0.29028,0.04492
2016-07-15,15.44035,1.11101,2.99401,0.72002,0.13033,0.5969,0.84163,1.15139,0.29907,0.04084
2016-07-16,14.15798,0.75921,1.924,0.57875,0.12304,0.72193,0.82372,1.12971,0.27583,0.02764
2016-07-17,16.94419,0.76103,2.01605,0.62979,0.14947,0.6613,0.83126,1.30533,0.29688,0.03078
2016-07-18,17.31605,1.15567,2.93841,0.82574,0.17225,0.62863,0.9186,1.35779,0.28368,0.03424
2016-07-19,18.20468,1.22494,2.82995,0.751,0.14309,0.6258,0.9519,1.37067,0.29625,0.03549
2016-07-20,54.11278,1.17573,3.06054,0.81389,0.15676,0.62894,0.93305,1.25914,0.28651,0.03864
2016-07-21,98.9628,1.21127,2.90651,0.76559,0.14673,0.6679,0.90697,1.18186,0.29122,0.03549
2016-07-22,56.1261,1.04539,3.00403,0.80113,0.14126,0.71219,0.84571,1.05651,0.2997,0.04052
2016-07-23,43.84564,0.80751,1.94405,0.65986,0.14491,0.81932,0.78131,1.02101,0.28337,0.0311
2016-07-24,18.87093,0.75192,1.90851,0.6307,0.13853,0.86425,0.81744,1.12688,0.28871,0.02858
2016-07-25,24.34947,1.11739,3.169,0.85855,0.15767,0.79545,0.85231,1.21014,0.29216,0.03832
2016-07-26,32.20226,1.2377,3.2966,0.7902,0.14947,0.71722,0.89346,1.37695,0.29311,0.04021
2016-07-27,20.5689,1.26596,3.18723,0.82483,0.16678,0.70968,0.87084,1.24752,0.28965,0.03518
2016-07-28,19.6511,1.14565,3.11523,0.92053,0.16496,0.70214,0.92582,1.23495,0.29845,0.03644
2016-07-29,17.59312,1.07729,3.08971,0.7747,0.12486,0.66067,0.81304,1.12531,0.3151,0.03769
2016-07-30,17.29782,0.66533,2.14365,0.65439,0.10481,0.64999,0.78005,1.00499,0.25635,0.0289
2016-07-31,18.20468,0.70179,2.24209,0.61703,0.12213,0.6368,0.85231,1.0628,0.25666,0.02167
2016-08-01,19.42507,1.05998,3.41873,0.8066,0.13306,0.66444,0.94938,1.23307,0.30473,0.04021
2016-08-02,19.33758,1.11284,3.16535,0.7902,0.14582,0.7235,0.91922,1.37758,0.34808,0.03958
2016-08-03,18.63487,1.142,3.3048,0.88316,0.14947,0.70842,0.91985,1.34522,0.33143,0.03392
2016-08-04,18.62758,1.07274,3.34946,0.78564,0.13853,0.62737,0.95378,1.24941,0.2975,0.03707
2016-08-05,18.5173,1.05268,3.21822,0.66442,0.12304,0.60569,0.89535,1.19411,0.28368,0.03801
2016-08-06,17.23584,0.69814,2.20836,0.55869,0.09387,0.55323,0.79796,1.21611,0.26954,0.0245
2016-08-07,16.77922,0.73004,2.03155,0.5514,0.11483,0.57648,0.83409,1.26291,0.2752,0.0289
2016-08-08,18.51001,1.05451,3.18541,0.73916,0.15585,0.60475,0.89723,1.26072,0.34557,0.03173
2016-08-09,18.90556,1.21036,3.51716,0.74918,0.15311,0.59061,0.90477,1.36156,0.32546,0.03361
2016-08-10,17.94766,1.13927,3.30389,0.70817,0.17863,0.58245,0.9054,1.31098,0.29279,0.04869
2016-08-11,18.41978,1.10919,3.39503,0.66351,0.13033,0.54035,0.92959,1.29496,0.31038,0.04115
2016-08-12,18.70049,1.05998,3.43878,0.68538,0.1203,0.57805,0.85137,1.13411,0.32264,0.04084
2016-08-13,18.33228,0.63799,2.32411,0.52953,0.12304,0.48474,0.78351,1.02949,0.27269,0.02576
2016-08-14,19.22729,0.607,2.11175,0.45479,0.13397,0.53187,0.83723,1.16772,0.28431,0.02607
2016-08-15,27.54308,0.80934,2.2275,0.58695,0.14218,0.57428,0.86676,1.29999,0.3041,0.0333
2016-08-16,18.20559,1.11648,3.39139,0.93329,0.15129,0.57051,0.91734,1.47214,0.31667,0.03675
2016-08-17,18.17643,1.18393,3.31118,0.88134,0.144,0.60758,1.0895,1.51456,0.33866,0.04115
2016-08-18,16.83755,1.08732,3.17356,0.6945,0.14673,0.51867,0.94844,1.49791,0.33615,0.04806
2016-08-19,16.04826,1.08458,3.0496,0.69359,0.14491,0.57553,0.86236,1.3091,0.3063,0.04492
2016-08-20,15.51053,0.76468,2.08623,0.53682,0.15494,0.54223,0.82372,1.2692,0.30599,0.02481
2016-08-21,15.63448,0.70088,1.99783,0.57054,0.1522,0.64245,0.8765,1.49665,0.3352,0.03424
2016-08-22,16.11844,1.09461,3.02408,0.77014,0.15494,0.60946,0.91954,1.59121,0.35531,0.03487
2016-08-23,15.69828,1.14747,3.09517,0.75465,0.15767,0.7345,0.9563,1.55477,0.34337,0.04523
2016-08-24,15.804,1.11193,3.09244,0.71455,0.15311,0.76874,0.93839,1.43916,0.35971,0.04115
2016-08-25,15.60623,1.12013,2.95026,0.72913,0.14309,0.68675,0.9563,1.5133,0.36285,0.0468
2016-08-26,14.85613,1.00438,2.79532,0.67445,0.14582,0.61638,0.95692,1.29307,0.30473,0.04429
2016-08-27,14.7659,0.65439,1.89666,0.55232,0.11392,0.71094,0.83315,1.26606,0.30881,0.03455
2016-08-28,14.81238,0.70908,1.90122,0.57966,0.12759,0.77094,0.90949,1.5711,0.36662,0.03267
2016-08-29,15.72471,1.11648,2.68504,0.73551,0.15038,0.71125,0.99368,1.45424,0.34997,0.04084
2016-08-30,15.60531,1.10372,2.9694,0.74918,0.13762,0.87524,1.05117,1.37978,0.34714,0.03958
2016-08-31,15.65271,1.13289,2.98763,0.78928,0.14947,0.61857,1.07882,1.3669,0.3506,0.04461
2016-09-01,16.48119,1.15476,3.22186,0.82027,0.14491,0.51553,1.0518,1.51141,0.34211,0.0512
2016-09-02,14.92266,1.04448,3.0651,0.70999,0.13215,0.55292,1.05274,1.2626,0.32892,0.04461
2016-09-03,14.78413,0.74554,2.0999,0.61247,0.12851,0.62046,0.87587,1.15202,0.30536,0.03738
2016-09-04,15.02292,0.79111,2.10811,0.65166,0.11848,0.68172,0.95661,1.37915,0.36568,0.03675
2016-09-05,19.82063,1.14474,3.13892,0.78837,0.20051,0.54977,1.05651,1.50764,0.38296,0.03989
2016-09-06,28.54564,1.1976,3.21366,0.70726,0.17043,0.60695,1.05306,1.42596,0.30724,0.03832
2016-09-07,21.86312,1.06909,3.02591,0.8385,0.16678,0.57585,1.07442,1.37601,0.32264,0.04052
2016-09-08,19.69029,1.07182,3.13254,0.81389,0.16587,0.52024,1.04426,1.33234,0.32107,0.04115
2016-09-09,19.43966,1.02534,3.22915,0.80296,0.14673,0.49857,0.91011,1.19191,0.31196,0.04146
2016-09-10,17.69246,0.66533,2.17191,0.76103,0.13033,0.59533,0.84068,1.20825,0.2796,0.03141
2016-09-11,17.66512,0.74371,2.25029,0.79111,0.14673,0.62706,0.84791,1.45769,0.2953,0.03078
2016-09-12,19.43601,0.97521,3.42511,0.94696,0.13944,0.54349,0.89818,1.19034,0.31824,0.03738
2016-09-13,20.34196,0.86584,4.17885,0.70726,0.14947,0.56799,0.71816,1.11683,0.26169,0.03518
2016-09-14,17.87384,0.4949,2.14456,0.66989,0.1039,0.6613,0.6968,1.03641,0.24975,0.01979
2016-09-15,23.08624,0.50948,2.34417,0.59242,0.10845,0.56925,0.88184,0.97357,0.25572,0.02419
2016-09-16,17.29144,0.56325,1.98689,0.49854,0.12577,0.62046,0.80173,1.18375,0.2796,0.02607
2016-09-17,16.07105,0.68174,2.01879,0.62979,0.14491,0.74989,0.93713,1.38669,0.31981,0.02701
2016-09-18,16.15217,0.68721,2.1236,0.63252,0.15949,0.6569,1.00405,1.55697,0.34086,0.03707
2016-09-19,17.57124,0.99526,3.05325,0.84032,0.18046,1.27799,1.21548,1.47089,0.32484,0.03518
2016-09-20,16.91138,1.06818,2.96211,0.76923,0.16314,0.74047,1.12594,1.33768,0.2953,0.05623
2016-09-21,15.92249,0.98797,2.74428,0.75192,0.1522,0.54035,1.08761,1.28239,0.29719,0.05686
2016-09-22,17.30967,1.08458,2.76342,0.80387,0.15494,0.4728,1.08918,1.24658,0.29688,0.04995
2016-09-23,16.27703,0.97977,2.75886,0.74645,0.13306,0.50673,0.96855,1.16395,0.27583,0.04995
2016-09-24,15.8113,0.68629,2.00329,0.64163,0.11848,0.55543,0.89503,1.14353,0.27991,0.03455
2016-09-25,15.86051,0.73733,1.98051,0.60244,0.16496,0.60601,0.98457,1.31067,0.31824,0.03518
2016-09-26,16.48301,1.1657,2.85638,0.80387,0.15494,0.51176,1.08604,1.31004,0.34871,0.05026
2016-09-27,16.78742,1.2058,3.10338,0.72184,0.1841,0.61072,1.08416,1.23433,0.33426,0.04492
2016-09-28,16.55319,1.1101,3.19634,0.70999,0.15038,0.67198,1.11495,1.21516,0.30473,0.03769
2016-09-29,17.61773,1.18028,2.88099,0.79566,0.15402,0.51459,1.06657,1.18532,0.32955,0.03958
2016-09-30,17.57216,1.1101,2.97031,0.85491,0.12304,0.46778,0.95315,1.09264,0.30033,0.04209
2016-10-01,16.9852,0.80751,2.31865,0.74098,0.11483,0.64088,0.87838,1.07379,0.27049,0.03487
2016-10-02,17.24678,0.74189,2.15277,0.63799,0.13944,0.61072,0.92362,1.21045,0.27646,0.03895
2016-10-03,19.25464,0.78108,2.26305,0.71637,0.144,0.72382,0.93682,1.26794,0.30976,0.03612
2016-10-04,23.30407,1.20307,3.24829,0.85946,0.16314,0.59438,1.08667,1.34648,0.3396,0.03864
2016-10-05,23.57203,1.19942,3.17082,0.83941,0.17408,0.54757,1.03044,1.30847,0.29813,0.04743
2016-10-06,19.42325,1.09005,3.02317,0.89774,0.14582,0.4882,1.02164,1.25506,0.28996,0.04492
2016-10-07,17.51474,1.06271,2.87917,0.98068,0.1358,0.51899,0.95378,1.2893,0.28117,0.04461
2016-10-08,16.96333,0.72822,2.19014,0.65531,0.1203,0.54915,0.87933,1.07976,0.29342,0.03424
2016-10-09,18.22382,0.70817,2.26396,0.69267,0.13762,0.56108,1.02133,1.32323,0.30944,0.03424
2016-10-10,17.65418,1.10555,2.82813,0.926,0.13124,0.51899,1.11055,1.35245,0.33269,0.04052
2016-10-11,18.48175,1.04084,3.07695,0.82118,0.15858,0.50768,1.08196,1.37036,0.32452,0.04743
2016-10-12,17.56578,1.1101,2.83998,0.8941,0.17134,0.59847,1.1671,1.27862,0.32012,0.05654
2016-10-13,17.57124,1.19031,2.83177,0.9105,0.1677,0.48129,1.09547,1.22364,0.30473,0.04241
2016-10-14,16.81932,0.99891,2.87826,0.7747,0.13489,0.45898,0.95692,1.0273,0.32923,0.04021
2016-10-15,16.6179,0.73095,2.09079,0.64255,0.11483,0.49197,0.89912,1.04866,0.28211,0.03267
2016-10-16,15.98355,0.80842,2.28583,0.68812,0.13397,0.6192,1.00091,1.24846,0.32515,0.03926
2016-10-17,16.83755,1.17664,3.16809,0.8467,0.13033,0.47783,1.06185,1.26291,0.36096,0.04806
2016-10-18,17.57398,1.27325,2.97396,0.78655,0.1522,0.45458,1.07976,1.29182,0.36536,0.04052
2016-10-19,18.20286,1.16023,2.95937,0.82392,0.1759,0.44799,1.07662,1.17966,0.35028,0.04272
2016-10-20,16.97427,1.2058,2.86459,0.83668,0.1604,0.44265,1.06437,1.12814,0.3063,0.04838
2016-10-21,18.74424,1.05542,2.77162,0.76376,0.13124,0.45176,0.92676,1.06562,0.29185,0.04523
2016-10-22,16.67167,0.67445,2.04431,0.62523,0.11028,0.49637,0.88781,0.95849,0.29028,0.03298
2016-10-23,16.98885,0.80842,2.14821,0.66442,0.13033,0.55511,1.00405,1.15987,0.31007,0.03549
2016-10-24,18.37512,1.19942,2.88646,0.83121,0.13306,0.46275,1.09892,1.23307,0.32861,0.04366
2016-10-25,18.98668,1.11284,2.80079,0.8385,0.15767,0.50202,1.16301,1.20103,0.33143,0.04743
2016-10-26,21.29895,1.15932,2.71056,0.7829,0.16405,0.49134,1.0606,1.0829,0.30724,0.04932
2016-10-27,29.94923,1.15385,2.84271,0.76376,0.12486,0.5127,1.00028,1.09107,0.30127,0.04586
2016-10-28,45.23828,1.0782,2.86823,0.73824,0.15311,0.49794,0.97829,0.94153,0.30253,0.04084
2016-10-29,26.6107,0.67445,2.08441,0.58695,0.11483,0.486,0.86645,0.85796,0.27834,0.03487
2016-10-30,26.39378,0.67718,2.10628,0.60882,0.13853,0.47972,0.89723,1.04238,0.31196,0.03235
2016-10-31,29.41058,1.06089,2.99583,0.73095,0.13671,0.46652,1.0185,0.99619,0.32326,0.05089
2016-11-01,30.66378,1.13836,3.26561,0.77561,0.13671,0.51993,1.04363,1.01033,0.3462,0.05215
2016-11-02,30.65922,1.18302,3.20728,0.76923,0.15949,0.47752,0.99745,0.95033,0.31667,0.04932
2016-11-03,32.15395,1.14747,3.07512,0.90868,0.13489,0.52338,0.9541,0.97609,0.3129,0.05152
2016-11-04,27.31523,1.01258,3.01497,0.67536,0.14218,0.42757,0.91483,0.86173,0.28682,0.04429
2016-11-05,24.5436,0.74007,2.29404,0.65439,0.10572,0.56328,0.86142,0.8721,0.28148,0.03361
2016-11-06,24.51261,0.85673,2.35054,0.57419,0.13397,0.63114,0.9563,1.03829,0.33018,0.04429
2016-11-07,25.77584,1.17117,3.52992,0.73186,0.15949,0.486,1.05211,1.12908,0.29876,0.05215
2016-11-08,26.51045,1.25046,3.68304,0.87587,0.16132,0.48726,1.14134,1.00562,0.33772,0.05246
2016-11-09,26.58062,1.21218,3.56091,0.97977,0.17316,0.46149,1.02227,0.95001,0.33615,0.05309
2016-11-10,28.74433,1.18211,5.96979,0.86311,0.15949,0.51773,1.02635,0.94436,0.30127,0.0556
2016-11-11,26.3236,1.21127,9.95543,0.69085,0.11666,0.47595,0.87084,0.86236,0.29688,0.04586
2016-11-12,22.4601,0.75009,2.78711,0.58877,0.09843,0.46652,0.81147,0.82184,0.27237,0.04146
2016-11-13,24.14713,0.7428,2.70691,0.70634,0.14218,0.49888,0.91011,0.98363,0.28651,0.03707
2016-11-14,25.11871,1.25866,4.12872,0.87951,0.144,0.52181,1.11495,1.14008,0.35405,0.04775
2016-11-15,25.66829,1.17846,4.46504,0.7829,0.15585,0.49637,1.17087,1.09201,0.33206,0.05309
2016-11-16,26.56877,4.92075,5.32906,0.85491,0.14035,0.48223,1.08039,0.99368,0.30693,0.05057
2016-11-17,24.80883,2.36877,3.70583,0.75647,0.13853,0.47657,1.02635,1.04646,0.32484,0.0512
2016-11-18,23.39157,1.36895,3.04687,0.72548,0.144,0.48349,0.96666,0.93996,0.31478,0.05309
2016-11-19,21.68357,0.87496,2.42984,0.65713,0.11666,0.47343,0.85576,0.86582,0.27897,0.04429
2016-11-20,22.01168,0.81845,2.0598,0.62249,0.13671,0.47155,0.90666,1.03358,0.31196,0.03707
2016-11-21,24.25559,1.43001,2.92747,0.85855,0.16405,0.45584,1.07379,1.18972,0.34903,0.06031
2016-11-22,24.79607,1.41816,3.01953,0.79658,0.16314,0.4461,1.1294,1.09044,0.3129,0.0556
2016-11-23,24.15989,1.3808,2.75522,0.86402,0.17316,0.43134,1.08604,1.04269,0.32798,0.06283
2016-11-24,24.09154,1.32976,2.83633,0.86584,0.14126,0.41657,1.10741,0.972,0.31824,0.05874
2016-11-25,22.95318,1.13471,2.76251,0.8467,0.13489,0.5281,0.96164,1.02604,0.32012,0.06283
2016-11-26,21.63617,0.78837,2.13454,0.61338,0.1121,0.62517,0.89566,0.92017,0.28808,0.04303
2016-11-27,23.37972,0.8385,1.96046,0.7109,0.12668,0.54066,0.96698,1.07505,0.36159,0.04555
2016-11-28,26.76382,1.34525,3.02773,0.95699,0.144,0.48631,1.09358,1.20605,0.34651,0.08293
2016-11-29,29.04692,1.3735,2.89193,0.87951,0.13033,0.49951,1.11055,1.1938,0.33866,0.06754
2016-11-30,34.71048,1.36804,3.07603,1.04813,0.15129,0.59407,1.07882,1.13599,0.3484,0.05403
2016-12-01,40.58731,1.37533,3.41326,1.10281,0.14491,0.46401,1.07285,1.08479,0.33897,0.06031
2016-12-02,29.81525,1.29421,3.30936,1.06089,0.14218,0.48977,0.94781,0.96886,0.30913,0.06157
2016-12-03,25.11597,0.88134,2.29313,0.98706,0.10663,0.46621,0.88467,0.93399,0.30724,0.03864
2016-12-04,25.57806,0.89865,2.23753,0.88225,0.12851,0.50202,0.9786,1.08981,0.3462,0.04115
2016-12-05,28.33328,1.38718,3.28931,1.16843,0.16314,0.43416,1.08981,1.18155,0.36473,0.04963
2016-12-06,26.371,1.36257,3.20181,1.25137,0.16587,0.43856,1.08793,1.11652,0.33049,0.05749
2016-12-07,26.0356,1.32884,3.02408,1.4291,0.16861,0.42317,1.06562,1.17275,0.32798,0.05497
2016-12-08,25.27638,1.32611,3.1052,6.53487,0.15038,0.41029,1.04991,1.14291,0.32703,0.05183
2016-12-09,27.37903,1.18666,3.12434,1.86567,0.12304,0.33175,0.96918,1.00436,0.28745,0.06
2016-12-10,24.18177,0.77835,2.31591,1.48743,0.11939,0.45238,0.95378,1.05023,0.30881,0.04555
2016-12-11,23.69051,0.77106,2.19834,1.67245,0.144,0.45521,1.03641,1.12531,0.32703,0.03958
2016-12-12,27.03451,1.41907,3.23553,3.63929,0.17316,0.64496,1.07285,1.23872,0.33363,0.05937
2016-12-13,27.12109,1.38535,3.11158,10.94523,0.12395,0.56485,1.06782,1.17841,0.34306,0.06314
2016-12-14,27.80648,1.29694,2.98398,3.84983,0.12395,0.39741,1.01913,1.22113,0.30159,0.05811
2016-12-15,28.21936,1.31791,3.18358,3.23918,0.13215,0.42254,1.05117,1.12563,0.32452,0.06691
2016-12-16,25.80227,1.14474,2.97213,3.55362,0.12304,0.44045,0.95095,1.03075,0.29719,0.05811
2016-12-17,22.94042,0.81936,2.06709,3.56911,0.09478,0.45019,0.81681,1.00656,0.28902,0.04115
2016-12-18,23.54833,0.79566,2.03975,4.81502,0.11392,0.486,0.87744,1.11589,0.31196,0.03895
2016-12-19,26.42659,1.46191,3.15533,2.7862,0.13853,0.44516,0.96792,1.27831,0.34054,0.06
2016-12-20,26.44026,1.40085,3.20272,2.21565,0.15311,0.41092,1.01756,1.24532,0.32232,0.05592
2016-12-21,25.22899,1.44277,3.40779,2.2749,0.12213,0.42128,0.99714,1.22993,0.31698,0.06377
2016-12-22,25.26089,1.37988,3.65023,2.39156,0.11483,0.43353,0.97577,1.16113,0.31258,0.06251
2016-12-23,25.9882,1.20489,5.44937,1.99509,0.11028,0.47626,0.83597,1.09013,0.28399,0.05874
2016-12-24,22.88482,0.84032,4.10867,1.99145,0.10299,0.46432,0.6946,0.93053,0.273,0.04052
2016-12-25,23.21202,0.80842,3.03229,2.46083,0.1121,0.43605,0.76874,1.04112,0.27708,0.04052
2016-12-26,26.50315,1.27598,3.0496,2.4508,0.13124,0.4194,0.94561,1.18343,0.33992,0.05372
2016-12-27,28.63952,1.26504,2.94479,1.852,0.13124,0.42411,0.96918,1.20731,0.30002,0.04021
2016-12-28,28.02978,1.16205,3.03958,2.15641,0.13853,0.46338,1.0185,1.09233,0.29562,0.05497
2016-12-29,28.4946,1.16843,2.94844,2.27399,0.13033,0.74172,0.92362,1.07568,0.30347,0.04586
2016-12-30,30.33567,0.97066,3.4087,1.66425,0.12851,0.67764,0.8677,1.00373,0.26577,0.04869
2016-12-31,34.59473,0.82756,2.43348,1.5166,0.10025,0.52401,0.73136,0.86645,0.26672,0.03487
2017-01-01,38.73622,0.83668,2.25393,1.44642,0.10299,0.50956,0.74864,1.09547,0.31196,0.03644
2017-01-02,31.7028,1.29421,3.0332,1.62323,0.15949,0.48694,0.97829,1.30187,0.344,0.049
2017-01-03,27.51483,1.26413,3.08424,1.93949,0.15038,0.50359,0.96415,1.36282,0.34086,0.04492
2017-01-04,26.33636,1.31153,2.99765,3.90998,0.15676,0.47249,1.07379,1.35402,0.3308,0.04335
2017-01-05,31.10673,1.28327,2.85912,2.26943,0.15494,0.46432,1.01316,1.28585,0.30065,0.04209
2017-01-06,24.08607,1.13471,2.87097,1.95772,0.15767,0.47092,0.93399,1.18343,0.30222,0.04618
2017-01-07,24.71677,0.69814,1.98689,1.64511,0.10025,0.50296,0.85608,1.26794,0.27897,0.03361
2017-01-08,19.40958,0.81936,1.9878,2.31318,0.11757,0.49103,0.89818,1.25443,0.31761,0.02607
2017-01-09,19.48431,1.3097,2.92747,2.41434,0.19777,0.53155,0.99085,1.39172,0.32641,0.05215
2017-01-10,19.99835,1.2933,3.01953,1.92765,0.16496,0.49542,1.0207,1.33046,0.32326,0.0468
2017-01-11,24.9902,1.34252,2.95208,2.22295,0.14491,0.47155,1.05557,1.36313,0.33772,0.04178
2017-01-12,30.66469,1.23406,2.65769,1.70708,0.17225,0.51176,1.04866,1.39643,0.33395,0.04618
2017-01-13,23.7452,1.11375,2.74063,1.68612,0.13762,0.54663,0.94624,1.30376,0.31855,0.03832
2017-01-14,19.0204,0.77652,1.95043,1.43092,0.11757,0.5127,0.89692,1.17369,0.29436,0.03581
2017-01-15,18.79893,0.82848,1.95499,1.39173,0.12759,0.52653,0.91734,1.36156,0.30661,0.03644
2017-01-16,20.56526,1.20125,2.64767,1.55852,0.15767,0.50705,1.02541,1.32857,0.3374,0.04115
2017-01-17,21.05925,1.26596,2.83724,1.42545,0.17134,0.47218,1.07599,1.327,0.33112,0.04932
2017-01-18,20.81681,1.19578,2.72332,1.47923,0.16952,0.49982,1.48471,1.34554,0.29153,0.04241
2017-01-19,18.27121,1.06909,2.87188,1.40085,0.1604,0.46526,1.31978,1.2183,0.28117,0.04649
2017-01-20,17.43818,1.03172,2.86459,1.48834,0.13671,0.46369,1.0562,1.15673,0.28399,0.04806
2017-01-21,16.22599,0.68447,2.07347,1.30059,0.11757,0.46841,0.87807,1.02384,0.30096,0.03769
2017-01-22,16.2989,0.65348,1.75812,1.32702,0.11666,0.44359,0.95347,1.256,0.31635,0.03801
2017-01-23,18.21015,1.0536,2.93203,1.51386,0.16405,0.51365,1.01253,1.23967,0.30976,0.05183
2017-01-24,21.15677,1.10828,3.14986,1.3653,0.16132,0.49762,1.00593,1.21642,0.31133,0.03832
2017-01-25,20.08129,1.03081,3.27472,1.24226,0.12942,0.45615,0.83849,1.16584,0.26577,0.04492
2017-01-26,20.26084,0.82574,3.64476,1.37624,0.10754,0.45364,0.74361,1.1517,0.26954,0.04649
2017-01-27,18.15729,0.53135,2.00421,1.08094,0.09661,0.42003,0.67449,1.14668,0.25823,0.02764
2017-01-28,22.49564,0.48122,1.65513,0.90139,0.10754,0.4772,0.7634,1.28302,0.23027,0.0245
2017-01-29,18.06068,0.5669,1.60136,1.2851,0.08931,0.5504,0.81115,1.31821,0.25541,0.02387
2017-01-30,19.68938,0.71728,1.86932,1.24499,0.12213,0.54977,0.89943,1.63519,0.32923,0.03267
2017-01-31,21.84033,1.01623,3.01315,1.42637,0.13397,0.52653,0.98614,1.69897,0.34149,0.05215
2017-02-01,28.12001,1.32429,3.25923,1.32338,0.13762,0.48317,1.03829,1.64964,0.3352,0.05372
2017-02-02,39.03972,1.22859,3.24009,1.31426,0.14309,0.48945,1.0628,1.48565,0.31038,0.05309
2017-02-03,25.16883,1.18119,3.28384,1.19031,0.13033,0.53061,0.99085,1.30376,0.31258,0.05309
2017-02-04,20.87879,0.85217,2.2831,1.19395,0.11848,0.51899,0.8831,1.25852,0.3129,0.03769
2017-02-05,18.8609,0.84306,2.18649,1.21583,0.12213,0.51899,1.02321,1.48628,0.31101,0.03487
2017-02-06,20.05486,1.12651,3.07239,1.46009,0.13671,0.45867,1.01379,1.53372,0.31698,0.05372
2017-02-07,19.87167,1.24864,3.18996,1.50019,0.1522,0.46055,0.99619,1.53969,0.32169,0.05529
2017-02-08,19.7149,1.18302,3.38227,1.32064,0.16496,0.49134,1.0895,1.56357,0.31761,0.05309
2017-02-09,19.42051,1.22221,3.27017,1.35072,0.13397,0.57522,1.04677,1.45769,0.30881,0.04869
2017-02-10,17.41266,1.17937,3.57276,1.83012,0.11848,1.25946,0.92299,1.41717,0.30944,0.04963
2017-02-11,17.26957,0.75556,2.44989,1.29512,0.09478,0.49542,0.88153,1.22616,0.2796,0.03926
2017-02-12,17.75718,0.80296,2.43713,1.1338,0.11757,0.51145,1.0119,1.41371,0.30284,0.03298
2017-02-13,18.35051,1.25046,5.05746,1.80825,0.15311,0.46998,1.11369,1.47906,0.32735,0.04555
2017-02-14,24.96559,1.34981,8.32308,1.70799,0.14856,0.46872,0.99211,1.4335,0.29311,0.06346
2017-02-15,29.11255,1.19213,3.20454,2.36422,0.17772,0.4549,1.00342,1.37758,0.31918,0.04995
2017-02-16,21.82302,1.30879,3.08697,5.95885,0.16314,0.54632,1.02227,1.39235,0.30599,0.05246
2017-02-17,20.42125,1.04722,2.9375,4.13602,0.12213,0.44202,0.94876,1.3358,0.30442,0.05874
2017-02-18,19.9063,0.69085,1.99053,2.62033,0.08293,0.4772,0.92645,1.16207,0.27646,0.03895
2017-02-19,19.20451,0.75738,1.88299,2.12178,0.11848,0.5127,0.95284,1.42031,0.31007,0.02921
2017-02-20,20.22165,1.23953,2.83724,3.54177,0.13762,0.50391,1.09044,1.42753,0.36253,0.04963
2017-02-21,44.18195,1.20945,3.11067,3.20454,0.12486,0.49731,1.10772,1.36502,0.32672,0.05623
2017-02-22,30.20716,1.31882,3.15624,3.5445,0.14947,0.49668,1.11683,1.39643,0.31824,0.04492
2017-02-23,25.70931,1.21309,2.90924,2.41161,0.144,0.50391,1.08636,1.29496,0.32232,0.0468
2017-02-24,23.08624,1.10646,3.01953,2.00603,0.13489,0.61198,1.00342,1.24501,0.30316,0.05057
2017-02-25,21.36913,0.84488,1.95955,2.11358,0.10937,0.51113,0.95912,1.22396,0.28651,0.03864
2017-02-26,20.65731,0.83212,1.86932,2.01788,0.10572,0.51207,0.93179,1.45958,0.30913,0.03141
2017-02-27,21.72458,1.11375,2.85274,2.3633,0.1121,0.51679,1.03703,1.34585,0.32264,0.04932
2017-02-28,26.48219,1.21127,3.16171,2.12725,0.12395,0.49762,0.96415,1.34177,0.3396,0.03958
2017-03-01,26.93334,0.88407,2.51733,2.54285,0.13397,0.53218,0.93242,1.37633,0.3019,0.03738
2017-03-02,23.07622,1.10464,2.91471,2.32594,0.12213,0.43039,0.94813,1.29653,0.27331,0.04398
2017-03-03,21.2634,1.0937,2.67774,1.51569,0.13033,0.4461,0.93242,1.14196,0.25195,0.04555
2017-03-04,21.20507,0.62887,1.96228,1.68521,0.09478,0.51867,0.91294,1.19726,0.27646,0.0333
2017-03-05,23.06619,0.74371,2.06254,1.63235,0.1358,0.52338,0.97891,1.38544,0.31227,0.03518
2017-03-06,21.72823,1.1657,2.67319,1.34616,0.12942,0.38076,1.00625,1.24281,0.31227,0.04366
2017-03-07,21.19505,1.26322,2.80443,1.64966,0.13306,0.39081,1.0163,1.21673,0.28211,0.04523
2017-03-08,21.32538,1.18849,2.73243,1.17846,0.12851,0.4194,1.07788,1.31601,0.31667,0.05277
2017-03-09,21.18138,1.16023,2.62853,1.19031,0.14309,0.39332,1.02321,1.24595,0.27928,0.05026
2017-03-10,19.45788,1.27872,3.01041,1.1256,0.12486,0.35845,0.89409,1.07191,0.3041,0.0622
2017-03-11,20.57619,0.70726,2.19652,1.18484,0.11848,0.47657,0.82372,1.16333,0.29436,0.04523
2017-03-12,20.48779,0.73278,2.49273,1.18028,0.12851,0.49637,0.94907,1.52147,0.32358,0.04241
2017-03-13,21.8458,1.09734,4.52063,1.10464,0.13944,0.39646,1.04991,1.39298,0.3151,0.04586
2017-03-14,23.74793,1.28327,8.42607,1.11831,0.16861,0.41343,1.09735,1.24878,0.33583,0.05215
2017-03-15,20.51513,1.09188,2.92565,1.06727,0.16405,0.42757,1.07976,1.21453,0.33897,0.05497
2017-03-16,20.63361,1.1256,2.58478,1.08458,0.13853,0.38358,1.12594,1.32229,0.32138,0.05434
2017-03-17,20.29639,1.07,2.4909,0.99071,0.13033,0.39238,0.98268,1.1272,0.32012,0.04586
2017-03-18,23.91199,0.70179,1.89757,0.98524,0.10754,0.44422,0.88844,1.2048,0.30976,0.04146
2017-03-19,24.17903,0.70452,1.85564,1.0062,0.15311,0.48537,0.94373,1.24187,0.36788,0.03392
2017-03-20,50.2994,1.10281,2.6741,1.12104,0.13944,0.41971,1.10144,1.21485,0.39269,0.04618
2017-03-21,69.10471,1.21583,2.51733,1.24591,0.15949,0.40306,1.05243,1.16835,0.38987,0.04775
2017-03-22,30.58084,1.17846,2.68048,1.09643,0.15038,0.37039,1.07945,1.18657,0.33049,0.04838
2017-03-23,26.09939,1.18666,2.56929,1.01623,0.15585,0.37447,0.96289,1.03421,0.33897,0.04272
2017-03-24,23.83634,1.06362,2.72787,0.93147,0.12851,0.3839,0.89032,0.9896,0.2997,0.04084
2017-03-25,23.85184,0.72913,2.00238,0.9105,0.09661,0.46181,0.89755,1.01944,0.30976,0.0289
2017-03-26,24.20182,0.78564,2.00876,2.04522,0.14673,0.56485,0.97232,1.21108,0.33866,0.03738
2017-03-27,21.03919,1.01987,2.38244,1.56946,0.15402,0.43196,1.05431,1.12091,0.3484,0.04209
2017-03-28,21.65714,1.16661,2.67592,1.28327,0.15676,0.39929,1.10238,1.07913,0.36191,0.04209
2017-03-29,22.70527,1.10008,2.62215,1.06362,0.13853,0.38076,1.10207,1.21045,0.33615,0.04555
2017-03-30,24.05052,1.09279,2.69142,1.02899,0.1522,0.37981,0.99211,1.03955,0.31478,0.04523
2017-03-31,21.79567,0.95699,2.72605,0.9743,0.12759,0.38547,0.92488,0.9896,0.29845,0.04178
2017-04-01,21.45024,0.8148,2.79258,1.12651,0.12395,0.42788,0.88969,1.06248,0.31541,0.04398
2017-04-02,23.69507,0.70088,2.10082,1.03081,0.12486,0.43636,0.96698,1.19568,0.35437,0.03801
2017-04-03,28.295,1.00985,2.91016,1.57037,0.15494,0.41751,1.06405,1.20448,0.34463,0.04366
2017-04-04,40.0031,1.16023,2.62762,1.46191,0.14218,0.33992,1.07662,1.20542,0.33332,0.04335
2017-04-05,21.69086,1.07456,2.9375,1.4291,0.14126,0.41908,1.12437,1.30878,0.39018,0.05089
2017-04-06,20.26449,1.09917,2.91107,1.11466,0.18592,0.3707,1.10395,1.26229,0.35688,0.03644
2017-04-07,19.73951,1.02716,2.81081,1.02899,0.11757,0.36599,0.94499,1.01002,0.29656,0.04461
2017-04-08,19.82701,0.60973,2.07165,0.82574,0.09205,0.39489,0.85608,1.05494,0.30159,0.02387
2017-04-09,20.21072,0.65166,2.00421,1.21218,0.13671,0.50579,1.01567,1.20825,0.34337,0.02858
2017-04-10,18.92106,0.98342,2.58022,1.09552,0.13762,0.43322,1.05934,1.28176,0.36976,0.04335
2017-04-11,19.43874,1.07365,2.56746,1.03628,0.14126,0.39709,1.16458,1.18657,0.38138,0.04806
2017-04-12,19.43692,1.17937,2.5465,1.02716,0.15676,0.36505,1.12311,1.19003,0.37856,0.05026
2017-04-13,18.79072,1.12104,2.59025,0.99891,0.11939,0.35594,1.03295,1.07473,0.38421,0.04586
2017-04-14,18.43983,1.00894,2.70691,0.99162,0.11848,0.37227,1.03326,1.05557,0.35217,0.03864
2017-04-15,19.36765,0.67262,2.05342,0.85399,0.12851,0.44642,0.91577,1.02667,0.32986,0.0333
2017-04-16,19.2036,0.66898,1.95863,2.23206,0.13762,0.75272,0.94373,1.12908,0.32703,0.03612
2017-04-17,22.95318,1.07547,2.72514,1.4847,0.15585,0.48977,1.17401,1.37413,0.3506,0.03958
2017-04-18,32.52217,1.17117,2.7461,1.08458,0.15767,0.39238,1.12783,1.16144,0.33646,0.04115
2017-04-19,24.87718,1.06271,2.78803,1.02808,0.16496,0.36976,1.0785,1.1473,0.36568,0.04146
2017-04-20,21.71182,1.08003,2.54285,1.00438,0.14035,0.37447,1.06248,1.09076,0.3685,0.05277
2017-04-21,21.65531,1.01349,2.49637,1.12924,0.09934,0.37604,1.00059,0.97515,0.32232,0.04335
2017-04-22,21.20507,0.67262,1.92947,1.81645,0.11028,0.43165,0.94656,0.90823,0.30442,0.04021
2017-04-23,20.60809,0.66442,1.9641,1.75174,0.11483,0.49762,1.00907,1.06657,0.30599,0.03455
2017-04-24,20.66916,1.14018,2.51551,2.85456,0.13671,0.39144,1.02855,1.10646,0.33677,0.04115
2017-04-25,20.92527,1.1739,2.5547,2.1391,0.13033,0.32578,1.04614,1.06688,0.36096,0.04461
2017-04-26,19.84979,1.17846,2.64949,1.75174,0.12577,0.37196,1.09547,1.03012,0.34871,0.05183
2017-04-27,18.57654,1.22221,2.82175,2.53465,0.13671,0.36882,1.01881,1.114,0.3418,0.05246
2017-04-28,18.22656,1.06271,2.7224,1.18757,0.10299,0.39332,0.88624,0.95095,0.34274,0.04461
2017-04-29,18.67589,0.68812,1.77909,0.86675,0.09296,0.43259,0.85357,0.89629,0.32923,0.03644
2017-04-30,20.13142,0.7027,1.87752,1.00073,0.10572,0.40997,0.90666,1.08636,0.34337,0.03455
2017-05-01,24.16628,0.93238,2.50822,1.37624,0.11666,0.404,1.04206,1.1605,0.31667,0.03864
2017-05-02,25.06585,1.0299,3.09517,1.18757,0.12759,0.39301,0.88498,0.95598,0.36253,0.04523
2017-05-03,20.59625,0.73642,2.12087,0.93055,0.12759,0.39364,0.8988,0.95347,0.35217,0.0267
2017-05-04,19.9701,0.89045,2.78347,1.17937,0.12942,0.40463,0.88624,1.16427,0.36411,0.04429
2017-05-05,18.26484,0.66077,2.45627,1.21674,0.09478,0.38861,0.85325,1.00216,0.33646,0.03204
2017-05-06,17.35342,0.60335,2.06254,0.97886,0.12304,0.46432,0.93807,1.04457,0.34274,0.03141
2017-05-07,17.98594,0.63799,2.31044,0.926,0.12486,0.56957,0.93807,1.11777,0.37667,0.03361
2017-05-08,18.26392,1.01532,4.02756,1.04266,0.11301,0.73073,0.96132,1.2026,0.38421,0.04712
2017-05-09,17.61864,0.88772,2.21201,0.93876,0.13033,0.47752,0.96007,1.16395,0.3418,0.04586
2017-05-10,16.5222,1.00894,2.62853,0.95152,0.13397,0.35814,0.98834,1.22679,0.38233,0.04995
2017-05-11,17.95222,1.1338,2.67136,0.95881,0.13944,0.3817,1.10898,1.25223,0.41154,0.05277
2017-05-12,17.7672,1.08094,2.82813,0.84306,0.12759,0.3795,1.01379,1.0097,0.35719,0.05183
2017-05-13,18.0543,0.68538,2.05069,0.76376,0.09752,0.47563,0.95001,1.02038,0.35876,0.04209
2017-05-14,20.72293,0.75738,2.53739,0.80842,0.144,0.53658,1.02572,1.15013,0.38955,0.03958
2017-05-15,25.84693,1.13653,4.57076,1.01076,0.15949,0.4238,1.14479,1.31915,0.40243,0.04806
2017-05-16,25.00022,1.26231,2.81537,0.92691,0.13944,0.3817,1.2736,1.25318,0.37824,0.05057
2017-05-17,24.85622,1.13927,2.68412,0.88589,0.14856,0.43573,1.10678,1.09861,0.39772,0.04555
2017-05-18,19.79602,1.06909,2.634,0.88863,0.13215,0.42442,1.08573,1.12531,0.41374,0.04869
2017-05-19,18.57928,1.03901,2.56199,0.88043,0.12759,0.38987,0.96384,0.96509,0.37259,0.06314
2017-05-20,19.59733,0.59424,2.00056,0.71819,0.10116,0.42128,0.90477,0.96761,0.35908,0.04335
2017-05-21,19.16805,0.679,1.92765,0.77744,0.12668,0.44893,0.9563,1.08384,0.39332,0.03832
2017-05-22,19.14982,1.09643,2.64038,0.92964,0.15858,0.39803,1.06814,1.21171,0.43888,0.05686
2017-05-23,18.64581,1.05542,2.59481,0.8385,0.13762,0.36222,1.07976,1.24784,0.43039,0.04995
2017-05-24,21.86038,1.07,2.55379,0.83668,0.13397,0.38264,1.14511,1.1338,0.40903,0.05277
2017-05-25,22.7955,1.12013,2.51095,0.8385,0.14491,0.37007,1.03389,1.12468,0.41154,0.05246
2017-05-26,18.6695,1.00894,2.47085,0.76923,0.13489,0.33363,1.02855,1.043,0.39426,0.04649
2017-05-27,18.80986,0.66807,1.79731,0.67262,0.11666,0.40495,0.95692,1.01976,0.37667,0.04084
2017-05-28,18.68044,0.67809,1.73898,0.72002,0.11392,0.45961,1.02447,1.14573,0.43322,0.04021
2017-05-29,19.004,1.08185,2.59936,0.8303,0.13762,0.40966,1.12406,1.21548,0.4128,0.04492
2017-05-30,19.49434,1.17664,2.57202,0.89501,0.13853,0.39552,1.13945,1.11306,0.38076,0.05152
2017-05-31,19.28745,1.0937,2.75248,0.8786,0.14309,0.39112,1.05683,1.16113,0.35342,0.04775
2017-06-01,19.38315,1.16479,3.00494,0.82574,0.11483,0.36316,1.04426,1.08793,0.34746,0.05089
2017-06-02,20.08129,0.97886,2.78438,0.85491,0.11483,0.39081,0.99557,0.97295,0.36222,0.05937
2017-06-03,20.7284,0.69085,2.0434,0.71272,0.10299,0.43291,0.90917,0.91483,0.2818,0.02419
2017-06-04,20.35654,0.69814,1.97595,0.67445,0.09661,0.41343,0.98017,1.1561,0.34369,0.03801
2017-06-05,23.38245,1.03628,2.56746,0.79749,0.12304,0.46212,1.02949,1.20574,0.3729,0.04084
2017-06-06,22.38901,0.85673,2.10993,0.76194,0.13671,0.59438,1.08039,1.20731,0.39552,0.03801
2017-06-07,26.63075,1.12286,2.61303,0.81389,0.11575,0.44202,1.1894,1.15327,0.40243,0.05403
2017-06-08,38.01529,1.0782,2.74792,0.84032,0.14218,0.39207,1.11432,1.13411,0.36945,0.04398
2017-06-09,24.86533,0.99253,2.70053,1.56217,0.12668,0.40966,1.0207,1.02792,0.33583,0.04649
2017-06-10,23.63309,0.679,2.00421,0.80296,0.1121,0.39175,0.97577,0.99525,0.32766,0.03832
2017-06-11,22.63509,0.64255,1.97686,0.89319,0.14126,0.404,1.08102,1.11966,0.3861,0.04618
2017-06-12,21.65805,1.04448,2.64311,0.94423,0.13944,0.39584,1.17778,1.25318,0.38453,0.05215
2017-06-13,21.54777,1.07182,2.71694,0.90868,0.14218,0.39238,1.1671,1.16961,0.30756,0.04523
2017-06-14,22.35528,1.02808,2.56473,0.92235,0.16861,0.39678,1.14385,1.14573,0.32955,0.04743
2017-06-15,20.77306,1.07456,2.82995,0.90503,0.13853,0.42003,1.0829,1.16804,0.33489,0.049
2017-06-16,19.46335,0.99162,2.69597,0.99982,0.144,0.38704,1.07725,0.98865,0.2997,0.04429
2017-06-17,20.77579,0.62158,2.03611,0.70361,0.14035,0.40526,1.09924,0.94593,0.30347,0.04021
2017-06-18,20.09223,0.6389,1.90668,0.70726,0.12486,0.40557,1.01724,1.08039,0.34086,0.03581
2017-06-19,19.87805,0.95699,2.6422,0.93055,0.17225,0.39992,1.11683,1.25035,0.33363,0.04649
2017-06-20,20.08585,1.05633,2.56199,0.93511,0.12213,0.38955,1.09013,1.10112,0.33992,0.04649
2017-06-21,20.05669,1.04539,2.52645,0.86675,0.15129,0.43542,1.08353,1.13694,0.30347,0.04398
2017-06-22,20.71291,0.97795,2.32867,0.8467,0.11028,0.38264,1.0141,1.06248,0.30536,0.04429
2017-06-23,19.28471,0.92144,2.42346,0.80113,0.12395,0.35468,0.95724,0.95849,0.28588,0.04021
2017-06-24,18.67042,0.6307,1.79093,0.73642,0.10116,0.34934,0.90509,0.94687,0.29499,0.03424
2017-06-25,18.72328,0.61156,1.76633,0.92417,0.11392,0.40997,0.96886,1.13976,0.333,0.03549
2017-06-26,18.12539,1.04448,2.39247,0.90686,0.14764,0.38515,1.06468,1.21579,0.30787,0.04618
2017-06-27,18.69411,1.03537,2.41526,0.85946,0.14673,0.37573,1.02949,1.23872,0.30002,0.04115
2017-06-28,18.7169,1.02716,2.3551,0.85399,0.14582,0.38767,1.0229,1.11903,0.32861,0.04806
2017-06-29,18.12903,1.00711,2.30315,0.8622,0.13489,0.39049,0.95692,1.17149,0.31196,0.04649
2017-06-30,18.46717,1.01987,2.67045,1.9322,0.1121,0.36442,0.901,1.03798,0.28117,0.03864
2017-07-01,18.52003,0.73824,2.1555,1.21309,0.1203,0.39112,0.9098,1.02667,0.28242,0.0333
2017-07-02,16.69628,0.65713,1.88937,0.7665,0.14218,0.44422,0.90195,1.2249,0.29311,0.03267
2017-07-03,16.18589,1.06818,2.75613,0.87222,0.13397,0.77534,0.98771,1.25506,0.31918,0.05026
2017-07-04,17.86016,1.1101,2.67319,0.91141,0.14582,0.58402,1.04457,1.13945,0.29248,0.05372
2017-07-05,17.02075,1.09279,2.49182,0.99982,0.12759,0.51522,0.9786,1.16144,0.31321,0.049
2017-07-06,16.94237,1.05633,2.53009,0.88043,0.12668,0.53218,0.95315,1.13599,0.29248,0.04366
2017-07-07,16.57233,0.97886,2.54559,0.94878,0.11483,0.59438,0.88121,1.06845,0.28776,0.04084
2017-07-08,17.0809,0.70088,1.90942,1.48014,0.10207,0.71973,0.82498,1.02133,0.27551,0.03424
2017-07-09,17.68062,0.63161,1.82739,1.43183,0.11483,0.40526,0.87995,1.20857,0.33269,0.03612
2017-07-10,16.32442,1.17208,2.4663,1.37168,0.14673,2.74606,0.97326,1.31664,0.31541,0.05403
2017-07-11,18.37512,1.06636,2.52645,1.6205,0.14126,0.84571,1.60503,1.15076,0.30976,0.04995
2017-07-12,19.50801,1.11193,2.83815,1.11739,0.11848,0.48631,1.70085,1.20008,0.32578,0.04586
2017-07-13,18.65948,1.00802,2.6422,1.14291,0.14035,0.45678,1.17558,1.18877,0.31667,0.04429
2017-07-14,17.99323,0.99891,2.55926,1.41634,0.10116,0.52024,1.00059,1.07788,0.31038,0.04209
2017-07-15,16.75461,0.62705,1.87205,1.18757,0.10572,0.6968,0.86833,1.0119,0.30065,0.04021
2017-07-16,17.66968,0.63799,1.62323,1.38535,0.0884,0.42537,0.96321,1.26574,0.32955,0.03612
2017-07-17,31.20972,1.00529,2.36422,17.62228,0.13215,0.49165,0.98865,1.2271,0.29907,0.04461
2017-07-18,34.33133,1.02534,2.33505,4.60631,0.14309,0.45176,1.05211,1.18972,0.30536,0.05497
2017-07-19,36.17604,1.11922,2.40341,31.47677,0.11575,0.50548,1.01096,1.20982,0.30347,0.04712
2017-07-20,100,1.15476,2.72149,29.86994,0.12942,0.48506,1.03986,1.13003,0.30693,0.04932
2017-07-21,65.2494,0.95881,2.68321,26.55237,0.11119,0.52527,0.93807,1.09453,0.29091,0.05592
2017-07-22,50.94468,0.67262,1.92036,13.17456,0.10207,0.74392,0.89032,0.99651,0.26703,0.03926
2017-07-23,21.32447,0.7264,1.74901,10.20698,0.12213,0.44327,0.90509,1.13631,0.29373,0.04115
2017-07-24,28.51648,1.16479,2.64858,7.59212,0.16223,0.49197,0.98363,1.28711,0.3107,0.04963
2017-07-25,55.04516,1.13289,2.7224,5.94609,0.14309,0.48192,1.2315,1.34931,0.29688,0.04932
2017-07-26,34.3605,1.13198,2.81719,10.17143,0.1203,0.57082,1.18343,1.2758,0.32892,0.0512
2017-07-27,25.18615,1.07182,2.65405,9.0194,0.11119,0.61009,1.00499,1.23967,0.31321,0.04461
2017-07-28,22.24956,1.0855,2.62579,9.71663,0.11119,1.92736,0.92268,1.18877,0.28494,0.04932
2017-07-29,21.00183,0.68629,1.76997,5.80938,0.09114,3.27039,1.8639,1.03484,0.27646,0.03392
2017-07-30,21.95335,0.66169,1.6843,5.25797,0.11483,0.75429,1.21014,1.15139,0.3019,0.03675
2017-07-31,21.77562,1.10464,2.61303,4.77674,0.12304,0.74832,1.15956,1.31444,0.3151,0.05152
2017-08-01,22.45098,1.09461,3.05781,4.13146,0.10207,1.39863,1.12249,1.62263,0.29185,0.06031
2017-08-02,21.71,1.06544,2.778,5.33727,0.12577,0.91577,1.04614,1.60503,0.31133,0.04303
2017-08-03,21.81299,0.98888,2.76068,6.03632,0.11575,0.7279,1.08761,1.50545,0.30724,0.0512
2017-08-04,21.05378,0.97886,2.81901,5.46304,0.14218,0.68361,1.03986,1.37067,0.29436,0.04335
2017-08-05,20.07218,0.62523,2.06163,5.17868,0.12851,0.83566,0.97986,1.20919,0.25541,0.0333
2017-08-06,19.03134,0.64346,2.02335,4.21622,0.1121,0.475,0.96226,1.44984,0.28902,0.03141
2017-08-07,21.32082,1.00256,2.89102,3.27655,0.13215,0.52841,1.02133,1.55603,0.29311,0.05246
2017-08-08,25.09957,1.23132,3.10611,2.51095,0.12942,0.40495,1.07222,1.61037,0.33897,0.04743
2017-08-09,20.24444,1.14838,2.78985,3.36951,0.15767,0.35688,1.02667,1.53498,0.2953,0.04775
2017-08-10,18.7807,1.07182,2.77618,2.49546,0.1203,0.39552,0.95787,1.60818,0.28776,0.04146
2017-08-11,20.18793,1.06818,2.98034,2.27672,0.12486,0.37133,0.89943,1.49822,0.28619,0.04021
2017-08-12,19.04228,0.59424,1.95772,2.17738,0.10663,0.4018,0.82498,1.22239,0.26703,0.03235
2017-08-13,18.76885,0.60244,1.81281,1.72805,0.10663,0.37761,0.85828,1.398,0.3129,0.03015
2017-08-14,23.50185,0.98524,2.52189,1.74992,0.15585,0.4395,0.97295,1.45581,0.34149,0.04303
2017-08-15,24.64933,0.77106,1.94405,1.79276,0.09569,0.48223,1.02321,1.56388,0.32609,0.03518
2017-08-16,19.97375,1.04448,2.56473,1.52115,0.15949,0.41123,1.01284,1.51833,0.32766,0.04963
2017-08-17,18.96663,1.1338,2.55106,1.46009,0.13397,0.40432,1.00436,1.50387,0.3085,0.04523
2017-08-18,18.34504,0.90412,2.54468,1.41634,0.12577,0.37447,0.95441,1.41591,0.29782,0.04869
2017-08-19,18.64125,0.65257,1.93494,1.32429,0.10754,0.39332,0.90791,1.26354,0.27834,0.03015
2017-08-20,17.36982,0.69359,1.92036,7.8464,0.12121,0.38892,1.00845,1.43664,0.28211,0.03141
2017-08-21,18.63396,1.04539,2.51916,1.95134,0.14126,0.40809,1.06437,1.5953,0.31667,0.04775
2017-08-22,19.5153,1.12195,2.49182,1.66789,0.15402,0.35311,1.0851,1.5378,0.31698,0.06283
2017-08-23,18.09805,1.11557,2.48088,2.40432,0.13671,0.46684,1.06562,1.47906,0.28902,0.04963
2017-08-24,18.51001,1.10008,2.459,1.56126,0.12942,0.35939,1.04049,1.42911,0.30536,0.05749
2017-08-25,22.12743,0.98797,2.55197,1.34343,0.12851,0.34777,0.9475,1.33297,0.28682,0.05874
2017-08-26,18.65037,0.6307,1.89028,1.28236,0.12304,0.33552,0.92739,1.22239,0.27614,0.03581
2017-08-27,24.15443,0.65348,1.85018,1.28601,0.13124,0.37227,1.00436,1.35371,0.29373,0.03832
2017-08-28,44.10813,1.11922,2.51004,1.21583,0.13397,0.37165,1.10112,1.47717,0.32515,0.05497
2017-08-29,32.51852,1.10281,2.34508,1.22859,0.13397,0.35122,1.07002,1.42439,0.32295,0.04963
2017-08-30,22.33341,1.01805,2.33049,1.15112,0.15494,1.56105,1.06845,1.34145,0.31667,0.04492
2017-08-31,20.00473,1.12833,2.49819,1.63052,0.13762,0.55449,1.02321,1.39549,0.29468,0.05026
2017-09-01,18.82262,1.08914,2.9138,1.28783,0.11666,0.43636,0.95881,1.38638,0.28305,0.05026
2017-09-02,18.13997,0.65348,2.0279,1.24773,0.11392,0.64371,0.93179,1.2315,0.2774,0.03612
2017-09-03,17.46917,0.67353,1.97231,1.14838,0.11848,0.47406,0.99619,1.38355,0.29311,0.0311
2017-09-04,22.13108,1.09279,2.64584,1.16479,0.14491,0.41877,1.09861,1.51801,0.31415,0.04555
2017-09-05,28.51192,1.17481,2.69142,1.01532,0.15129,0.3663,1.13568,1.50513,0.32452,0.04366
2017-09-06,20.06306,1.2058,2.58022,1.18119,0.14764,0.67921,1.11777,1.54911,0.32515,0.04743
2017-09-07,18.8527,1.12104,2.46812,1.11739,0.16861,0.62297,1.16333,1.43036,0.30096,0.05089
2017-09-08,18.81715,1.03537,2.51916,1.10555,0.13489,0.81053,1.05557,1.34837,0.30253,0.05183
2017-09-09,19.0441,0.74098,1.90486,1.03263,0.1039,0.48286,1.07411,1.28553,0.28525,0.03895
2017-09-10,18.50818,0.70726,2.06254,1.07,0.1358,0.52558,1.06091,1.49225,0.32923,0.03738
2017-09-11,17.84103,1.12104,2.53556,1.14018,0.16314,0.48286,1.19537,1.51738,0.32955,0.04335
2017-09-12,18.83538,1.18575,2.78985,0.97339,0.15311,0.42694,1.17181,1.48126,0.31949,0.04869
2017-09-13,18.1026,1.12013,2.53374,1.07,0.17043,0.617,1.13631,1.41057,0.31824,0.0468
2017-09-14,17.60588,1.06727,2.36786,1.02443,0.16223,0.49417,1.16395,1.37727,0.30913,0.04492
2017-09-15,17.3042,0.99526,2.44351,1.05542,0.14218,0.42285,1.04206,1.22333,0.29311,0.04146
2017-09-16,17.95131,0.75465,1.95408,1.05724,0.12486,0.47186,1.03672,1.20574,0.28462,0.03707
2017-09-17,18.73148,0.76468,1.88025,1.0937,0.13671,0.52276,1.14134,1.35528,0.30033,0.03769
2017-09-18,19.41596,1.16935,2.60665,1.142,0.14947,0.46684,1.22836,1.44701,0.32044,0.04963
2017-09-19,18.29127,1.24044,2.56382,1.10281,0.14673,0.43353,1.3069,1.40617,0.33143,0.04743
2017-09-20,18.01055,1.19304,2.56017,1.35619,0.14035,0.40463,1.16961,1.3248,0.30347,0.05592
2017-09-21,19.56908,1.2213,2.44169,1.12195,0.13762,0.3817,1.12186,1.29087,0.27897,0.04743
2017-09-22,19.292,1.0618,2.58022,1.04904,0.13762,0.35468,1.00028,1.21516,0.27865,0.04335
2017-09-23,18.63852,0.69541,1.90942,0.90686,0.11301,0.38578,0.96823,1.12877,0.24849,0.03455
2017-09-24,18.87822,0.73642,1.97231,0.96063,0.13215,0.47155,1.10646,1.31726,0.30473,0.0333
2017-09-25,23.1072,1.19578,2.74975,1.00256,0.12486,0.39269,1.13568,1.31035,0.28462,0.04052
2017-09-26,21.10573,1.16752,2.97304,0.94969,0.13944,0.38767,1.2293,1.33706,0.31258,0.04806
2017-09-27,19.42325,1.19669,2.85729,0.98706,0.12851,0.57616,1.09453,1.2626,0.2818,0.04303
2017-09-28,24.5591,1.05268,3.169,0.99344,0.12668,0.4216,1.03075,1.22679,0.25572,0.04398
2017-09-29,31.8623,0.94058,3.7195,0.89865,0.1203,0.34243,0.90477,1.09358,0.25289,0.03173
2017-09-30,22.10373,0.64072,2.32138,0.79566,0.09478,0.50139,0.78634,1.06342,0.24253,0.02984
2017-10-01,20.4887,0.65257,2.29313,0.84853,0.10845,0.42725,0.84665,1.19129,0.27143,0.0333
2017-10-02,22.53392,0.58968,2.55653,0.86037,0.10937,0.44579,0.89975,1.09924,0.23467,0.02827
2017-10-03,22.45554,0.51221,1.99691,0.81572,0.10937,0.49385,0.90509,0.99745,0.23153,0.02576
2017-10-04,28.78443,0.43839,2.09352,0.73642,0.0884,0.69492,1.04049,1.00059,0.24567,0.02513
2017-10-05,21.89593,0.46482,1.7563,0.80022,0.08293,0.45615,1.07976,1.26386,0.25855,0.02356
2017-10-06,20.53518,0.52771,1.9158,0.79566,0.09478,0.76403,1.21579,1.29716,0.27834,0.02136
2017-10-07,19.58457,0.55961,1.88208,0.81572,0.11392,0.46966,1.06971,1.36125,0.273,0.03361
2017-10-08,20.16059,0.59424,1.97595,0.93693,0.12304,0.46589,1.12971,1.42408,0.2953,0.03267
2017-10-09,23.42894,0.75921,2.15459,0.96974,0.12577,0.50453,1.17621,1.58933,0.31981,0.03675
2017-10-10,25.85787,0.94969,2.93659,1.16935,0.12759,0.42442,1.20008,1.57645,0.3129,0.04806
2017-10-11,22.38354,1.09826,2.80717,1.0217,0.13306,0.71345,1.25852,1.63928,0.3063,0.04586
2017-10-12,20.71382,1.13471,2.71238,0.9825,0.12577,0.5438,1.29559,1.53498,0.29688,0.05372
2017-10-13,18.88642,1.05998,2.58751,0.88316,0.11848,0.41783,1.14228,1.27862,0.28714,0.049
2017-10-14,19.32117,0.67536,2.04249,0.85035,0.12395,0.5859,1.02478,1.11338,0.25886,0.03926
2017-10-15,18.96572,0.64346,1.9878,0.80387,0.12213,0.54318,1.09358,1.31098,0.29813,0.03204
2017-10-16,19.53353,1.19213,2.62762,0.99618,0.14947,0.45301,1.18972,1.43319,0.30787,0.0534
2017-10-17,19.68483,1.15659,2.58478,0.98433,0.13124,0.4216,1.19788,1.42659,0.30567,0.04712
2017-10-18,19.72584,1.04084,2.50822,1.06636,0.14856,0.60098,1.18626,1.48377,0.31227,0.04461
2017-10-19,19.05777,1.07547,2.45809,1.2696,0.15676,0.48349,1.15673,1.40491,0.27457,0.04743
2017-10-20,60.39974,0.93693,2.52645,1.0217,0.11028,0.47218,1.06154,1.22584,0.26734,0.04523
2017-10-21,20.82319,0.69085,1.90668,1.16661,0.11028,0.43071,1.00719,1.15202,0.25352,0.03581
2017-10-22,24.69581,0.64072,1.86932,0.97795,0.11757,0.47877,1.10269,1.39863,0.27111,0.03204
2017-10-23,25.05308,1.05906,2.61941,1.45097,0.13397,0.42945,1.19883,1.4112,0.32829,0.05937
2017-10-24,25.15516,1.22403,2.66863,1.47741,0.14673,0.42442,1.22553,1.3669,0.28808,0.04303
2017-10-25,24.72406,1.09826,2.70509,1.07638,0.11301,0.43479,1.17275,1.34145,0.29216,0.04869
2017-10-26,32.12388,1.05451,2.56473,1.00802,0.15038,0.39521,1.16678,1.30124,0.2818,0.04743
2017-10-27,74.63611,1.10281,2.60301,1.00164,0.13033,0.40055,1.03326,1.19254,0.26609,0.05277
2017-10-28,31.70189,0.70452,1.94405,0.9424,0.10754,0.48317,1.02604,1.13411,0.27457,0.03644
2017-10-29,29.60745,0.751,1.91398,1.05633,0.11757,0.46809,1.05745,1.48942,0.31007,0.03895
2017-10-30,30.51704,1.15476,2.60392,1.01805,0.11666,0.40275,1.17275,1.30313,0.32923,0.049
2017-10-31,29.46709,1.0855,2.77709,0.96519,0.13306,0.37699,1.13694,1.31884,0.29876,0.05623
2017-11-01,29.76877,1.10372,3.02864,0.93238,0.12759,0.37793,1.13285,1.34742,0.28242,0.0556
2017-11-02,28.60124,1.15203,2.89284,0.89865,0.14673,0.40589,1.16395,1.42439,0.27928,0.05372
2017-11-03,25.3174,1.09552,2.76342,0.82939,0.12213,0.39803,1.06374,1.26731,0.27771,0.05246
2017-11-04,24.52446,0.68447,2.15277,0.85491,0.08111,0.41531,1.01787,1.13945,0.24598,0.04429
2017-11-05,23.97579,0.69632,2.2512,0.85308,0.12395,0.52087,1.0408,1.26072,0.28368,0.03549
2017-11-06,24.32304,1.18119,3.15442,0.99526,0.13853,0.4549,1.1627,1.41434,0.28211,0.04649
2017-11-07,24.38228,1.21583,3.13163,1.02716,0.14309,0.40243,1.14636,1.39455,0.29499,0.05246
2017-11-08,23.94024,1.19578,3.12161,1.07182,0.14856,0.44139,1.1539,1.33046,0.28588,0.06283
2017-11-09,25.80774,1.18028,3.51443,1.00894,0.11575,0.40275,1.16333,1.37758,0.27363,0.06094
2017-11-10,22.5558,1.15385,5.28623,0.9579,0.10754,0.40149,1.02918,1.29276,0.26452,0.06691
2017-11-11,22.49473,0.74189,6.61234,0.86037,0.09569,0.42537,1.03923,1.22616,0.25321,0.04712
2017-11-12,22.53392,0.75374,2.83177,0.89045,0.13944,0.42882,1.03955,1.34774,0.28525,0.04021
2017-11-13,23.62854,1.12377,3.62562,1.09188,0.12851,0.42003,1.17401,1.34994,0.31038,0.0556
2017-11-14,23.39612,1.14474,3.67848,0.99253,0.14947,0.38453,1.21956,1.39015,0.29562,0.06
2017-11-15,23.03611,1.08914,4.3739,1.91944,0.12486,0.39144,1.09138,1.23747,0.28682,0.06063
2017-11-16,24.40689,1.09826,2.64311,1.33249,0.1358,0.37447,1.06311,1.23935,0.30033,0.06251
2017-11-17,22.46921,0.98797,2.42164,1.13562,0.11757,0.40903,1.03326,1.23998,0.27677,0.06031
2017-11-18,22.22586,0.6152,1.80369,1.33978,0.1039,0.38547,1.06625,1.11306,0.29122,0.04712
2017-11-19,21.39556,0.69632,1.82557,1.40449,0.11666,0.40683,1.0562,1.25946,0.30756,0.04995
2017-11-20,22.48197,1.09005,2.55835,1.48561,0.15129,0.40055,1.18437,1.32041,0.34463,0.06408
2017-11-21,22.07821,1.12651,2.62215,7.34239,0.12395,0.34903,1.17024,1.24438,0.32075,0.06283
2017-11-22,22.86568,1.20125,3.10976,5.9306,0.13124,0.42034,1.20228,1.2293,0.29782,0.06628
2017-11-23,23.36149,1.12651,2.87917,2.90651,0.12121,0.38798,1.10301,1.17746,0.29625,0.06126
2017-11-24,22.36713,1.09917,2.69233,4.03029,0.10572,0.37259,1.0229,1.1272,0.3041,0.06628
2017-11-25,21.92509,0.70726,1.85929,3.7997,0.10754,0.46087,0.98834,1.06845,0.25446,0.04649
2017-11-26,21.8221,0.73733,1.79002,7.02977,0.1203,0.4106,1.14322,1.2626,0.28619,0.04429
2017-11-27,22.63691,1.15203,2.53647,2.73152,0.15311,0.35876,1.17809,1.31664,0.30033,0.08168
2017-11-28,27.03633,1.20854,2.43531,3.0733,0.1203,0.38987,1.15013,1.3047,0.32484,0.07759
2017-11-29,33.59308,1.18302,2.47359,2.28857,0.13397,0.36725,1.1162,1.28271,0.32264,0.07508
2017-11-30,26.45941,1.00256,2.76798,1.77362,0.11757,0.35751,1.08824,1.23401,0.29405,0.07288
2017-12-01,25.63548,1.1256,2.97122,2.7862,0.10937,0.40495,1.03264,1.20511,0.27174,0.09644
2017-12-02,24.5755,0.78564,2.09899,2.49455,0.1121,0.44642,0.98677,1.13537,0.28557,0.12
2017-12-03,23.70327,0.81207,2.12907,2.52463,0.12942,0.43573,0.99274,1.36187,0.29373,0.0534
2017-12-04,24.22187,1.16661,2.89649,1.8757,0.13853,0.38892,1.14479,1.42785,0.30913,0.06974
2017-12-05,24.32942,1.32429,2.91107,2.11084,0.13671,0.36222,1.19223,1.28239,0.30473,0.0666
2017-12-06,24.21549,1.24044,2.80625,1.85018,0.13306,0.4417,1.16741,1.25161,0.27457,0.07602
2017-12-07,24.58917,1.22677,2.90742,1.70708,0.11392,0.31855,1.15547,1.28302,0.28274,0.06628
2017-12-08,24.59555,1.1256,2.62579,2.24847,0.11575,0.32798,1.03201,1.20605,0.27928,0.06754
2017-12-09,24.9747,0.76832,2.07712,3.60284,0.09843,0.4238,1.00153,1.14636,0.27488,0.04618
2017-12-10,23.97852,0.82939,2.05069,2.58387,0.12851,0.56265,1.02384,1.54849,0.34149,0.04869
2017-12-11,24.15169,1.21492,2.69962,1.64602,0.11848,0.42254,1.12688,1.42596,0.3041,0.07916
2017-12-12,23.52555,1.23223,3.00859,1.60318,0.13215,0.36505,1.14448,1.32795,0.3129,0.06314
2017-12-13,23.65861,1.24044,2.88646,1.52206,0.14856,0.33206,1.09735,1.45581,0.2975,0.06157
2017-12-14,23.11176,1.22221,2.8418,1.35345,0.11848,0.30442,1.08039,1.33297,0.31321,0.06817
2017-12-15,23.57294,1.07729,2.63855,2.58022,0.11666,0.31321,0.95818,1.24846,0.30881,0.05089
2017-12-16,23.68687,0.73551,2.0115,2.30406,0.10207,0.36976,0.96195,1.16992,0.28808,0.05277
2017-12-17,22.57858,0.81389,1.87934,2.35054,0.12577,0.40903,1.02604,1.49382,0.34651,0.04743
2017-12-18,21.17773,1.54576,2.95755,1.71529,0.13944,0.36316,0.97138,1.42911,0.34651,0.06691
2017-12-19,23.30134,2.14821,2.9457,1.52936,0.11392,0.3484,1.01567,1.37036,0.3352,0.06534
2017-12-20,25.34838,1.32429,3.16171,1.40267,0.11301,0.32735,0.98551,1.40209,0.30284,0.06597
2017-12-21,26.18142,1.13107,3.2246,1.79276,0.12668,0.31478,0.99902,1.36941,0.29562,0.0644
2017-12-22,24.49165,1.05542,4.37754,1.70161,0.10754,0.31698,0.91891,1.19883,0.26703,0.06691
2017-12-23,23.59937,0.77288,2.88464,1.36712,0.09934,0.35782,0.83063,1.25066,0.26295,0.049
2017-12-24,24.96741,0.83668,3.32941,1.39447,0.0802,0.3484,0.89441,1.32072,0.27457,0.04649
2017-12-25,24.54178,0.77926,2.95664,1.5248,0.08293,0.35814,0.91828,1.37947,0.2686,0.04838
2017-12-26,24.81703,1.03537,2.77709,1.41269,0.10299,0.42599,1.04332,1.47749,0.3107,0.0556
2017-12-27,25.46961,1.12195,2.75339,1.53391,0.11939,0.40526,0.99682,1.36753,0.27614,0.04838
2017-12-28,27.48384,1.15659,2.85,1.34525,0.11028,0.33834,0.98206,1.29559,0.28588,0.04995
2017-12-29,27.94958,0.89683,3.01315,1.23223,0.10845,0.32232,0.88875,1.18972,0.29153,0.04241
2017-12-30,27.3845,0.70634,2.10902,1.08003,0.11301,0.47218,0.88058,1.1649,0.2708,0.04146
2017-12-31,36.7548,0.7109,2.46538,1.96957,0.08931,0.4062,0.93462,1.125,0.25698,0.03361
2018-01-01,35.95457,0.86037,2.58022,1.35163,0.11939,0.41249,0.97263,1.35748,0.34526,0.03675
2018-01-02,29.67854,1.05633,2.87735,2.30224,0.12668,2.57798,0.99965,1.43256,0.30913,0.03958
2018-01-03,26.25069,1.11375,2.7616,1.40358,0.13489,1.13474,1.07756,1.44544,0.3063,0.04618
2018-01-04,24.79698,1.09461,2.73152,1.29786,0.1358,0.60538,1.06971,1.54157,0.30661,0.049
2018-01-05,23.71968,1.0062,2.91836,1.15203,0.12486,0.37636,0.95221,1.47591,0.28651,0.03895
2018-01-06,-2,-2,-2,-2,-2,-2,-2,-2,-2,-2
